[
  {
    "id": 1,
    "parentId": 0,
    "code": "Workbench",
    "icon": "home",
    "name": "首页",
    "children": []
  },
  {
    "id": 2,
    "parentId": 0,
    "code": "",
    "icon": "laptop",
    "name": "系统管理",
    "children": [
      {
        "id": 201,
        "parentId": 2,
        "code": "",
        "icon": "safety",
        "name": "权限管理",
        "children": [
          {
            "id": 20101,
            "parentId": 201,
            "code": "UserList",
            "icon": "",
            "name": "用户管理",
            "children": []
          },
          {
            "id": 20102,
            "parentId": 201,
            "code": "RoleList",
            "icon": "",
            "name": "角色管理",
            "children": []
          }
        ]
      }
    ]
  }
]