<?xml version="1.0" encoding="UTF-8"?>
<beans xmlns="http://www.springframework.org/schema/beans"
       xmlns:xsi="http://www.w3.org/2001/XMLSchema-instance"
       xmlns:context="http://www.springframework.org/schema/context"
       xsi:schemaLocation="http://www.springframework.org/schema/beans
        http://www.springframework.org/schema/beans/spring-beans-4.0.xsd
        http://www.springframework.org/schema/context
        http://www.springframework.org/schema/context/spring-context-4.0.xsd">

    <context:component-scan base-package="xyz.yp.module.console.security"/>

    <!-- 缓存管理器 使用Ehcache实现 -->
    <bean id="cacheManager" class="org.apache.shiro.cache.ehcache.EhCacheManager">
        <property name="cacheManagerConfigFile" value="classpath:ehcache.xml"/>
    </bean>

    <!-- 凭证匹配器 -->
    <!--<bean id="credentialsMatcher" class="utils.RetryLimitHashedCredentialsMatcher">
        <constructor-arg ref="cacheManager" />
        <property name="hashAlgorithmName" value="md5" />
        <property name="hashIterations" value="2" />
        <property name="storedCredentialsHexEncoded" value="true" />
    </bean>-->

    <!-- Realm实现 -->
    <!--<bean id="userRealm" class="UserRealm">-->
    <!--<property name="credentialsMatcher" ref="credentialsMatcher" />-->
    <!--<property name="userService" ref="userService" />-->
    <!--</bean>-->

    <!-- 安全管理器 -->
    <bean id="securityManager" class="org.apache.shiro.web.mgt.DefaultWebSecurityManager">
        <property name="realm" ref="userRealm"/>
    </bean>

    <!-- Shiro的Web过滤器 -->
    <bean id="shiroFilter" class="org.apache.shiro.spring.web.ShiroFilterFactoryBean">
        <property name="securityManager" ref="securityManager"/>
        <property name="loginUrl" value="/home/login"/>
        <property name="unauthorizedUrl" value="/home/unauthorized"/>
        <property name="filterChainDefinitions">
            <value>
                /authc/admin/** = roles[admin]
                /authc/** = authc
                /** = anon
            </value>
        </property>
    </bean>

    <bean id="lifecycleBeanPostProcessor" class="org.apache.shiro.spring.LifecycleBeanPostProcessor"/>
</beans>