<?xml version="1.0" encoding="UTF-8"?><beans xmlns="http://www.springframework.org/schema/beans"	xmlns:xsi="http://www.w3.org/2001/XMLSchema-instance" xmlns:context="http://www.springframework.org/schema/context"	xmlns:mvc="http://www.springframework.org/schema/mvc"	xsi:schemaLocation="	http://www.springframework.org/schema/beans	http://www.springframework.org/schema/beans/spring-beans-4.0.xsd	http://www.springframework.org/schema/context	http://www.springframework.org/schema/context/spring-context-4.0.xsd	http://www.springframework.org/schema/mvc	http://www.springframework.org/schema/mvc/spring-mvc-4.0.xsd">	<context:component-scan base-package="xyz.yp.module.console">		<context:include-filter type="annotation" expression="org.springframework.stereotype.Controller" />		<!--<context:exclude-filter type="annotation" expression="org.springframework.stereotype.Service" />-->	</context:component-scan>	<!--<bean id="freeMarkerConfigurer" class="org.springframework.web.servlet.view.freemarker.FreeMarkerConfigurer">		<property name="templateLoaderPath" value="WEB-INF/views/" />		&lt;!&ndash;FreeMarker默认每隔5秒检查模板是否被更新，如果已经更新了，就会重新加载并分析模板。 但经常检查模板是否更新可能比较耗时。如果你的应用运行在生产模式下，而且你预期模板不会经常更新，			则可以将更新的延迟时间延长至一个小时或者更久。 可以通过为freemarkerSettings属性设置template_update_delay达到这一目的&ndash;&gt;		<property name="freemarkerSettings">			<props>				<prop key="default_encoding">UTF-8</prop>				<prop key="output_encoding">UTF-8</prop>			</props>		</property>		&lt;!&ndash;以下语句可以也可以配置freemarker Settings属性，代码更为简洁&ndash;&gt;		<property name="configLocation" value="classpath:/freeMarker.properties"></property>	</bean>	&lt;!&ndash; 配置freeMarker视图解析器 &ndash;&gt;	&lt;!&ndash; FreeMarker视图解析 如返回student,在这里配置后缀名ftl和视图解析器 &ndash;&gt;	 <bean id="freemarkerResolver"		class="org.springframework.web.servlet.view.freemarker.FreeMarkerViewResolver">		<property name="viewClass"			value="org.springframework.web.servlet.view.freemarker.FreeMarkerView" />		<property name="cache" value="true" />		<property name="suffix" value=".ftl" />		<property name="contentType" value="text/html;charset=UTF-8" />		<property name="requestContextAttribute" value="request" />		&lt;!&ndash; 将请求和会话属性作为变量暴露给FreeMarker模板使用。要做到这一点，可以设置exposeRequestAttributes或者exposeSessionAttributes为true &ndash;&gt;		<property name="exposeRequestAttributes" value="true" />		<property name="exposeSessionAttributes" value="true" />		&lt;!&ndash; 使用这些宏，必须设置FreeMarkerViewResolver的exposeMacroHelpers属性为true &ndash;&gt;		<property name="exposeSpringMacroHelpers" value="true" />	</bean> -->	<!-- 缺省的url-bean映射方式 -->	<!--<bean id="defaultHandlerMapping" class="org.springframework.web.servlet.handler.BeanNameUrlHandlerMapping">		<property name="order" value="0" />	</bean>-->	<!-- 配置文件上传，如果没有使用文件上传可以不用配置，当然如果不配，那么配置文件中也不必引入上传组件包 -->	<bean id="multipartResolver" class="org.springframework.web.multipart.commons.CommonsMultipartResolver">		<!-- 默认编码 -->		<property name="defaultEncoding" value="utf-8" />		<!-- 文件大小最大值 -->		<property name="maxUploadSize" value="10485760000" />		<!-- 内存中的最大值，默认为10K		<property name="maxInMemorySize" value="40960" /> -->	</bean>	<bean id="defaultExceptionHandler" class="xyz.yp.module.console.exception.DefaultExceptionHandler" />	<mvc:annotation-driven />	<mvc:interceptors>		<mvc:interceptor>			<!-- 匹配的是url路径， 如果不配置或/**,将拦截所有的Controller -->			<mvc:mapping path="/**" />			<bean class="xyz.yp.module.console.interceptor.DataWrapperInterceptor"></bean>		</mvc:interceptor>		<!-- 当设置多个拦截器时，先按顺序调用preHandle方法，然后逆序调用每个拦截器的postHandle和afterCompletion方法 -->	</mvc:interceptors>	<mvc:resources mapping="/*.html" location="/"/>	<mvc:resources mapping="/build/**" location="/build/"/></beans>